number,author,created_at,closed_at,state,merged,draft,comments
26812,prashantvc,2026-04-01T05:20:59Z,2026-05-18T06:22:48Z,closed,False,True,8
26813,shivraj-roy,2026-04-01T06:05:07Z,2026-04-22T10:27:28Z,closed,True,False,6
26814,amantidesigns,2026-04-01T07:11:05Z,2026-04-22T07:36:17Z,closed,False,False,4
26820,mrmps,2026-04-01T09:38:16Z,2026-04-22T12:06:54Z,closed,False,False,4
26823,ariesly15,2026-04-01T10:52:23Z,2026-04-01T11:23:13Z,closed,False,False,2
26825,ariesly15,2026-04-01T11:26:11Z,2026-04-01T12:12:22Z,closed,False,False,2
26827,ariesly15,2026-04-01T12:14:12Z,2026-04-02T02:14:15Z,closed,False,False,2
26829,kurslog-dev,2026-04-01T14:56:00Z,2026-05-12T06:23:28Z,closed,True,False,14
26834,semyonsurkov,2026-04-01T22:34:55Z,2026-04-01T23:03:07Z,closed,False,False,2
26835,semyonsurkov,2026-04-01T23:29:32Z,2026-04-17T06:49:11Z,closed,True,False,6
26838,geodeo42,2026-04-01T23:42:31Z,2026-05-08T09:10:52Z,closed,False,True,4
26839,aayushpi,2026-04-01T23:51:25Z,2026-05-11T07:44:58Z,closed,True,False,10
26840,NazarLysyi,2026-04-02T00:52:28Z,2026-04-22T08:46:25Z,closed,True,False,6
26842,zgyk4167,2026-04-02T01:01:22Z,2026-04-18T18:11:31Z,closed,False,False,3
26843,ariesly15,2026-04-02T02:18:14Z,2026-04-02T02:57:08Z,closed,False,True,2
26844,ariesly15,2026-04-02T02:57:55Z,2026-04-02T03:45:48Z,closed,False,False,2
26845,ariesly15,2026-04-02T03:46:40Z,2026-04-02T06:04:36Z,closed,False,False,2
26850,tenfyzhong,2026-04-02T05:50:10Z,2026-04-23T07:33:03Z,closed,False,False,4
26851,ariesly15,2026-04-02T06:06:18Z,2026-04-02T07:19:51Z,closed,False,False,2
26853,ariesly15,2026-04-02T07:21:26Z,2026-05-08T17:37:10Z,closed,False,True,7
26860,kjbakke,2026-04-02T09:42:23Z,2026-04-03T05:39:02Z,closed,False,True,2
26867,wdeu,2026-04-02T16:04:10Z,2026-05-11T09:20:26Z,closed,True,False,13
26868,elisoftli,2026-04-02T17:07:14Z,2026-04-05T16:42:21Z,closed,False,False,3
26870,antonengelhardt,2026-04-02T18:07:55Z,2026-05-11T11:56:55Z,closed,False,True,6
26871,alin23,2026-04-02T19:17:07Z,2026-05-18T06:50:02Z,closed,True,False,7
26873,kjbakke,2026-04-02T19:28:04Z,2026-05-11T06:47:04Z,closed,True,False,7
26874,devsargam,2026-04-02T20:19:19Z,2026-05-04T05:36:50Z,closed,False,True,6
26875,patrickwerz,2026-04-02T20:44:59Z,2026-05-15T11:52:26Z,closed,False,True,5
26877,ft-AstroBoy,2026-04-03T02:41:44Z,2026-04-03T02:51:53Z,closed,False,True,2
26888,mikan-megane,2026-04-03T10:37:45Z,2026-04-24T11:05:43Z,closed,False,True,3
26889,bohdanbirdie,2026-04-03T11:46:01Z,2026-04-17T07:01:13Z,closed,True,False,6
26899,TAULO,2026-04-03T17:28:39Z,2026-04-04T10:15:07Z,closed,False,True,1
26903,deepaksingh11,2026-04-03T20:13:33Z,2026-04-24T21:27:39Z,closed,False,False,4
26909,geoqiao,2026-04-04T02:33:59Z,2026-04-04T02:55:34Z,closed,False,False,2
26910,geoqiao,2026-04-04T02:53:55Z,2026-04-27T07:34:20Z,closed,False,True,3
26911,tflink-tmpfile,2026-04-04T08:27:01Z,2026-04-21T13:33:04Z,closed,True,False,7
26914,TAULO,2026-04-04T10:45:38Z,2026-04-09T10:08:25Z,closed,False,True,1
26918,clins1994,2026-04-04T14:18:09Z,2026-04-04T14:26:45Z,closed,False,True,2
26919,clins1994,2026-04-04T14:27:08Z,2026-04-05T16:23:48Z,closed,False,True,1
26925,wdeu,2026-04-04T19:58:34Z,2026-05-11T05:38:50Z,closed,True,False,7
26934,kylesamani,2026-04-05T01:31:43Z,2026-05-10T15:15:50Z,closed,False,True,5
26935,athNdev,2026-04-05T02:02:50Z,2026-05-16T07:38:33Z,closed,False,True,6
26946,ninggc,2026-04-05T15:27:03Z,2026-05-15T09:11:56Z,closed,False,True,4
26947,elisoftli,2026-04-05T16:42:25Z,2026-04-27T07:57:19Z,closed,False,True,4
26954,eggsy,2026-04-05T21:12:11Z,2026-05-11T19:36:42Z,closed,True,False,7
26955,korchasa,2026-04-05T21:55:56Z,2026-04-05T21:56:31Z,closed,False,True,1
26956,st0mich,2026-04-05T21:58:11Z,2026-04-26T23:11:03Z,closed,False,False,4
26957,korchasa,2026-04-05T22:01:53Z,2026-04-07T10:24:37Z,closed,False,False,2
26958,Alukkart,2026-04-05T22:30:40Z,2026-04-28T08:40:57Z,closed,False,True,4
26960,Lighthart99,2026-04-05T22:45:38Z,2026-04-05T23:05:34Z,closed,False,True,1
26961,Lighthart99,2026-04-05T23:06:49Z,2026-04-05T23:19:08Z,closed,False,True,1
26962,Lighthart99,2026-04-05T23:26:55Z,2026-04-05T23:33:15Z,closed,False,True,1
26963,Lighthart99,2026-04-05T23:41:28Z,2026-04-27T02:43:26Z,closed,False,False,4
26965,ahkohd,2026-04-06T05:19:25Z,2026-04-06T05:21:34Z,closed,False,False,2
26966,ahkohd,2026-04-06T05:41:24Z,2026-04-27T07:34:22Z,closed,False,False,4
26967,NirRosh,2026-04-06T07:12:34Z,2026-06-01T11:29:40Z,closed,False,True,6
26972,brianmuse,2026-04-06T17:13:26Z,2026-04-06T17:13:54Z,closed,False,True,1
26974,jleguina,2026-04-06T17:56:38Z,2026-04-27T19:54:12Z,closed,False,False,4
26977,iambtshft,2026-04-06T21:49:43Z,2026-04-29T08:53:43Z,closed,True,False,6
26981,uncleblue,2026-04-07T06:53:45Z,2026-04-28T10:09:12Z,closed,True,False,6
26985,cdeligny,2026-04-07T14:44:16Z,2026-05-01T07:47:05Z,closed,True,False,6
27002,wrick17,2026-04-08T10:48:22Z,2026-04-09T07:08:11Z,closed,False,False,4
27010,KunalHS,2026-04-08T16:08:24Z,2026-04-08T16:12:49Z,closed,False,False,2
27011,KunalHS,2026-04-08T16:13:07Z,2026-04-20T04:29:10Z,closed,False,False,2
27014,wesbaker,2026-04-08T16:47:48Z,2026-05-18T12:09:36Z,closed,True,False,6
27015,itsMeOnli,2026-04-08T17:58:46Z,2026-06-03T06:07:09Z,closed,True,False,9
27016,Ritvik718,2026-04-08T18:04:14Z,2026-05-20T07:16:38Z,closed,False,True,5
27019,formgeist,2026-04-08T19:50:47Z,2026-05-04T11:39:15Z,closed,False,True,5
27022,alecharmon,2026-04-08T20:20:48Z,2026-05-11T12:18:21Z,closed,True,False,7
27026,saqibameen,2026-04-08T23:05:44Z,2026-06-02T16:36:08Z,closed,False,True,7
27029,joshmillgate,2026-04-09T01:34:16Z,2026-04-09T14:49:19Z,closed,True,False,5
27031,fulln,2026-04-09T02:41:06Z,2026-05-21T07:08:38Z,closed,False,True,5
27032,solomkinmv,2026-04-09T03:33:35Z,2026-04-30T07:48:12Z,closed,True,False,6
27035,Mrkinpa,2026-04-09T06:10:51Z,2026-04-20T09:07:21Z,closed,False,False,5
27036,gfazioli,2026-04-09T06:28:06Z,2026-05-06T10:35:29Z,closed,True,False,7
27037,wrick17,2026-04-09T07:08:15Z,2026-04-30T06:42:04Z,closed,False,True,5
27041,ej-shafran,2026-04-09T09:24:09Z,2026-05-21T07:27:26Z,closed,False,True,5
27043,julienlemonde,2026-04-09T09:45:02Z,2026-04-30T10:49:37Z,closed,False,True,3
27045,ZoranJambor,2026-04-09T11:37:37Z,2026-04-30T12:13:19Z,closed,False,True,3
27051,clins1994,2026-04-09T13:22:18Z,2026-04-10T16:03:37Z,closed,True,False,4
27052,afroviking,2026-04-09T13:50:05Z,2026-05-21T04:38:57Z,closed,False,True,5
27054,pepix,2026-04-09T15:25:46Z,2026-07-05T09:31:41Z,closed,False,True,12
27055,jackthb,2026-04-09T15:52:50Z,2026-04-10T13:14:26Z,closed,False,True,2
27062,abchikuei,2026-04-09T19:03:47Z,2026-04-18T10:51:29Z,closed,False,True,2
27063,declankra,2026-04-09T22:01:46Z,2026-05-01T17:33:21Z,closed,False,True,3
27066,joshlebed,2026-04-10T04:07:21Z,2026-05-01T04:48:07Z,closed,False,True,3
27074,fromsergio,2026-04-10T16:03:27Z,2026-04-13T14:32:13Z,closed,True,False,9
27075,Vangalle,2026-04-10T16:21:41Z,2026-05-21T07:08:41Z,closed,False,True,6
27077,ercaneray,2026-04-10T17:30:13Z,2026-04-12T06:48:46Z,closed,True,False,5
27078,BLCNYY,2026-04-10T17:54:38Z,2026-04-10T20:32:35Z,closed,False,False,2
27083,willbehn,2026-04-11T00:23:33Z,2026-05-21T07:27:29Z,closed,False,True,5
27090,seb86,2026-04-11T10:57:54Z,2026-05-05T16:58:02Z,closed,True,False,11
27091,ridemountainpig,2026-04-11T11:46:12Z,2026-04-11T16:42:10Z,closed,True,False,4
27093,SegFault2017,2026-04-11T12:18:36Z,2026-04-11T12:34:28Z,closed,False,True,1
27095,Haqbani,2026-04-11T15:54:58Z,2026-05-21T08:53:35Z,closed,False,True,6
27098,VariableThe,2026-04-11T20:06:00Z,2026-05-24T07:24:35Z,closed,False,True,9
27106,alancui,2026-04-12T04:06:09Z,2026-04-12T04:11:12Z,closed,False,True,1
27107,nmluthfi,2026-04-12T04:39:38Z,2026-05-21T08:53:38Z,closed,False,True,6
27108,gfazioli,2026-04-12T11:55:40Z,2026-04-30T08:51:14Z,closed,True,False,4
27109,VariableThe,2026-04-12T12:50:51Z,2026-05-04T05:23:35Z,closed,False,True,3
27110,g-mai,2026-04-12T12:50:56Z,2026-04-30T11:36:48Z,closed,True,False,5
27114,Orange-Fish-Yu,2026-04-12T15:48:14Z,2026-05-03T16:51:52Z,closed,False,False,4
27115,ElFitaFlores,2026-04-12T16:39:50Z,2026-05-11T08:48:07Z,closed,False,True,4
27117,gfazioli,2026-04-12T17:43:34Z,2026-05-12T08:13:23Z,closed,True,False,10
27122,Azyzraissi,2026-04-12T21:55:54Z,2026-05-25T08:11:25Z,closed,False,True,7
27125,danilorequena,2026-04-12T23:44:02Z,2026-05-12T08:11:01Z,closed,True,False,5
27127,sjivan,2026-04-13T02:42:12Z,2026-05-18T06:22:57Z,closed,False,True,4
27128,frank-miao,2026-04-13T06:39:16Z,2026-04-13T06:43:19Z,closed,False,False,2
27132,frank-miao,2026-04-13T08:37:13Z,2026-05-04T07:28:37Z,closed,True,False,4
27134,Bulgus,2026-04-13T10:24:42Z,2026-04-13T10:51:26Z,closed,False,False,2
27141,chandlervdw,2026-04-13T15:16:56Z,2026-05-05T06:34:11Z,closed,True,False,5
27144,ysamlan,2026-04-13T16:15:45Z,2026-05-04T20:08:26Z,closed,False,True,3
27147,Bulgus,2026-04-13T21:19:32Z,2026-05-13T14:37:44Z,closed,False,True,4
27149,tcelestino,2026-04-13T23:45:26Z,2026-04-14T14:01:11Z,closed,False,False,2
27152,dfrancour,2026-04-14T03:26:34Z,2026-05-26T19:49:18Z,closed,True,False,8
27153,JustinXai,2026-04-14T06:33:21Z,2026-04-14T11:26:57Z,closed,False,False,2
27157,mehmetranas,2026-04-14T09:02:20Z,2026-04-14T13:03:07Z,closed,False,False,2
27159,guillllle,2026-04-14T11:10:39Z,2026-05-05T11:31:10Z,closed,False,True,3
27160,juicyjusung,2026-04-14T11:42:27Z,2026-05-05T12:25:28Z,closed,False,True,3
27161,JustinXai,2026-04-14T12:24:57Z,2026-04-22T10:17:20Z,closed,False,False,2
27162,Justin24506,2026-04-14T12:36:52Z,2026-05-11T05:31:52Z,closed,True,False,5
27163,untitledpng,2026-04-14T12:42:27Z,2026-05-05T14:05:31Z,closed,True,False,6
27167,cpm9662,2026-04-14T13:47:05Z,2026-05-26T14:20:23Z,closed,False,True,5
27170,tcelestino,2026-04-14T14:27:28Z,2026-05-06T10:44:33Z,closed,True,False,5
27171,ApaDoctor,2026-04-14T14:37:04Z,2026-04-14T14:49:46Z,closed,False,True,1
27173,ApaDoctor,2026-04-14T14:51:01Z,2026-04-14T15:06:40Z,closed,False,True,1
27175,ApaDoctor,2026-04-14T15:07:51Z,2026-04-14T15:09:01Z,closed,False,True,1
27177,altobellidardo,2026-04-14T15:25:37Z,2026-05-05T17:02:57Z,closed,False,False,4
27178,dailin3,2026-04-14T16:19:31Z,2026-05-05T18:24:03Z,closed,True,False,5
27179,mehmetranas,2026-04-14T18:05:25Z,2026-06-06T07:59:31Z,closed,False,True,5
27182,Dillon-McCardell,2026-04-14T22:17:02Z,2026-05-11T05:29:45Z,closed,True,False,6
27183,ClaPalo,2026-04-14T23:22:30Z,2026-04-14T23:38:38Z,closed,False,True,1
27186,istib,2026-04-15T00:54:44Z,2026-04-19T20:27:51Z,closed,False,True,1
27188,ethananderstandable,2026-04-15T04:35:30Z,2026-04-15T06:36:25Z,closed,False,True,1
27196,stepankuzmin,2026-04-15T07:56:52Z,2026-05-27T13:05:20Z,closed,False,True,6
27197,ApaDoctor,2026-04-15T08:00:34Z,2026-04-15T08:01:11Z,closed,False,True,1
27198,ApaDoctor,2026-04-15T08:12:48Z,2026-07-12T13:43:18Z,closed,False,True,10
27200,aslamcodes,2026-04-15T09:20:17Z,2026-05-06T09:57:36Z,closed,False,True,3
27201,krmbzds,2026-04-15T09:56:02Z,2026-05-06T11:30:57Z,closed,True,False,6
27202,yechielvi,2026-04-15T10:02:32Z,2026-04-15T10:03:21Z,closed,False,True,1
27207,adigold,2026-04-15T12:33:16Z,2026-05-27T11:23:15Z,closed,False,True,5
27208,erbilnas,2026-04-15T13:37:29Z,2026-06-20T01:28:06Z,closed,True,False,10
27210,Mouaadag,2026-04-15T14:24:28Z,2026-06-03T13:17:52Z,closed,False,True,6
27212,danieljvdm,2026-04-15T15:21:17Z,2026-07-17T12:46:20Z,closed,False,True,12
27213,Daviz2402,2026-04-15T15:51:51Z,2026-04-22T20:57:25Z,closed,False,False,2
27214,narghev,2026-04-15T16:47:07Z,2026-04-17T06:50:53Z,closed,True,False,4
27220,ethananderstandable,2026-04-16T02:31:25Z,2026-04-16T06:46:29Z,closed,False,True,1
27223,ethananderstandable,2026-04-16T07:40:41Z,2026-04-16T09:46:45Z,closed,False,True,2
27224,YellowSeaa,2026-04-16T08:08:12Z,2026-05-07T11:24:06Z,closed,False,False,4
27225,ethananderstandable,2026-04-16T09:50:12Z,2026-05-20T06:55:05Z,closed,True,False,7
27226,jeremieberrebi,2026-04-16T10:48:24Z,2026-05-20T18:52:13Z,closed,True,False,13
27230,tavlean,2026-04-16T13:29:33Z,2026-05-19T20:10:03Z,closed,True,False,11
27231,spyrae,2026-04-16T15:17:57Z,2026-06-01T13:08:00Z,closed,True,False,11
27234,avitalbn,2026-04-16T17:38:25Z,2026-06-05T06:05:14Z,closed,False,True,5
27235,g-mai,2026-04-16T18:04:04Z,2026-04-16T18:04:34Z,closed,False,True,1
27236,timtamtom7,2026-04-16T18:31:44Z,2026-05-07T21:10:08Z,closed,False,True,3
27240,jermashley,2026-04-16T22:42:19Z,2026-05-10T04:18:52Z,closed,False,False,4
27246,kianhub,2026-04-17T10:42:52Z,2026-05-08T16:10:06Z,closed,False,False,4
27251,0xnyn,2026-04-17T13:28:55Z,2026-05-07T04:07:16Z,closed,True,False,5
27252,Agnuxo1,2026-04-17T13:40:55Z,2026-04-30T06:54:43Z,closed,False,False,4
27253,vigsdev,2026-04-17T13:55:38Z,2026-06-05T09:22:08Z,closed,False,True,6
27261,gre-dev,2026-04-18T00:39:06Z,2026-05-15T11:12:29Z,closed,True,False,5
27263,Sparagmos,2026-04-18T05:30:25Z,2026-05-09T05:45:01Z,closed,False,True,3
27265,sasivarnan,2026-04-18T07:17:24Z,2026-05-09T10:28:33Z,closed,False,False,4
27267,Glct26,2026-04-18T15:35:23Z,2026-05-16T04:40:12Z,closed,True,False,9
27268,antkuznetsov,2026-04-18T16:54:33Z,2026-04-18T18:59:33Z,closed,False,True,1
27274,antkuznetsov,2026-04-18T19:33:59Z,2026-04-19T11:32:38Z,closed,False,True,1
27275,istib,2026-04-19T10:18:26Z,2026-04-19T20:27:51Z,closed,False,False,2
27282,pkassios,2026-04-19T17:32:02Z,2026-05-10T18:09:24Z,closed,False,True,3
27283,greiner-petter,2026-04-19T18:05:42Z,2026-06-01T13:48:59Z,closed,True,False,5
27284,chucktaylor2024,2026-04-19T18:24:03Z,2026-05-10T19:59:17Z,closed,False,False,4
27288,molchalih,2026-04-19T22:01:40Z,2026-05-11T15:59:52Z,closed,False,False,6
27293,ariesly15,2026-04-20T03:33:01Z,2026-05-20T10:01:05Z,closed,True,False,7
27295,BrunoMiguelMonteiro,2026-04-20T08:35:45Z,2026-05-18T05:15:38Z,closed,True,False,7
27298,younesbenallal,2026-04-20T10:17:17Z,2026-05-11T10:39:16Z,closed,False,False,4
27301,NormCopeland,2026-04-20T11:46:52Z,2026-05-05T05:42:03Z,closed,True,False,7
27304,Mrkinpa,2026-04-20T12:48:12Z,2026-05-06T07:13:05Z,closed,False,False,5
27306,cosminmocan,2026-04-20T15:00:48Z,2026-05-11T15:18:03Z,closed,False,True,3
27308,asafamos,2026-04-20T18:57:58Z,2026-05-11T21:41:49Z,closed,False,False,4
27309,antkuznetsov,2026-04-20T20:53:00Z,2026-06-06T07:59:33Z,closed,False,True,6
27310,leec-666,2026-04-20T23:58:15Z,2026-04-21T00:32:29Z,closed,False,True,1
27311,leec-666,2026-04-21T00:33:24Z,2026-04-21T00:45:48Z,closed,False,True,1
27312,leec-666,2026-04-21T00:51:03Z,2026-05-16T05:43:15Z,closed,True,False,6
27316,semantic-craft,2026-04-21T06:36:21Z,2026-05-27T02:29:34Z,closed,True,False,10
27323,darrenmCodes,2026-04-21T14:46:55Z,2026-05-12T18:29:14Z,closed,False,False,4
27325,ferraridavide,2026-04-21T16:22:22Z,2026-05-12T17:09:55Z,closed,False,True,3
27327,alexandervarney,2026-04-21T19:11:53Z,2026-05-16T16:39:04Z,closed,True,False,6
27328,PhilippSchickling,2026-04-21T19:42:06Z,2026-05-12T22:38:48Z,closed,False,False,5
27333,Ianleme,2026-04-21T23:47:43Z,2026-04-22T00:26:28Z,closed,False,True,1
27334,Ianleme,2026-04-22T00:26:59Z,2026-05-13T02:32:39Z,closed,False,False,4
27335,ziishaned,2026-04-22T01:47:33Z,2026-04-22T04:58:19Z,closed,False,False,2
27336,tsq456,2026-04-22T02:44:44Z,2026-05-13T04:22:50Z,closed,False,False,4
27338,ryzen30xx,2026-04-22T06:17:02Z,2026-05-13T07:16:39Z,closed,False,True,3
27348,UnlockHomes,2026-04-22T12:06:16Z,2026-06-11T02:01:11Z,closed,False,True,9
27350,rahulchowdhury,2026-04-22T13:43:59Z,2026-05-19T11:53:35Z,closed,True,False,6
27352,alfredmouelle,2026-04-22T15:59:29Z,2026-04-22T15:59:43Z,closed,False,True,1
27356,heycarlosluis,2026-04-22T17:47:23Z,,open,False,False,4
27357,Jimmy-b36,2026-04-22T17:49:25Z,2026-04-22T17:50:48Z,closed,False,True,2
27359,AlessandroCaula,2026-04-22T20:19:07Z,2026-05-20T05:32:43Z,closed,True,False,8
27360,tjwds,2026-04-22T21:17:00Z,2026-06-21T20:39:05Z,closed,False,True,6
27361,JohnnWi,2026-04-22T21:28:51Z,2026-05-13T22:16:43Z,closed,False,False,6
27363,semantic-craft,2026-04-22T23:23:35Z,2026-05-10T03:58:32Z,closed,False,False,5
27367,parsifal295,2026-04-23T02:06:41Z,2026-05-14T03:16:16Z,closed,False,False,5
27372,AyushSaini00,2026-04-23T06:03:54Z,2026-05-20T07:56:13Z,closed,True,False,6
27374,nohawu,2026-04-23T07:34:49Z,2026-06-21T07:46:52Z,closed,False,True,10
27375,drakulavich,2026-04-23T08:53:37Z,2026-06-22T08:13:51Z,closed,False,True,10
27381,Sheshiyer,2026-04-23T15:32:58Z,2026-05-17T18:46:09Z,closed,False,False,4
27383,syamilu,2026-04-23T16:10:24Z,2026-05-14T17:59:09Z,closed,False,False,4
27386,ndekross,2026-04-23T20:52:36Z,2026-06-29T15:59:13Z,closed,False,True,7
27394,wrongthinks,2026-04-24T03:54:08Z,2026-04-24T04:51:40Z,closed,False,True,1
27395,wrongthinks,2026-04-24T04:02:35Z,2026-04-24T04:50:55Z,closed,False,False,2
27398,clins1994,2026-04-24T08:04:59Z,2026-05-13T21:40:46Z,closed,True,False,6
27399,weichengwu,2026-04-24T09:02:12Z,2026-05-09T02:03:27Z,closed,False,False,3
27401,CodePirate7,2026-04-24T09:48:57Z,2026-06-21T08:07:40Z,closed,False,True,6
27410,nurikjohn,2026-04-24T16:37:57Z,2026-05-15T17:17:38Z,closed,False,True,3
27411,Ernest0-Production,2026-04-24T17:21:56Z,2026-05-16T05:37:28Z,closed,True,False,7
27416,pryley,2026-04-24T22:40:00Z,2026-04-24T22:44:32Z,closed,False,True,1
27417,pryley,2026-04-24T22:44:54Z,2026-04-24T23:12:10Z,closed,False,False,2
27418,pryley,2026-04-24T23:14:23Z,2026-05-20T10:17:06Z,closed,True,False,7
27423,YaroslavVolenyuk,2026-04-25T08:21:54Z,2026-04-26T06:29:20Z,closed,False,True,1
27424,Paranjayy,2026-04-25T12:03:10Z,2026-05-20T12:32:08Z,closed,True,False,7
27426,lemathurin,2026-04-25T12:52:24Z,2026-04-25T12:55:50Z,closed,False,True,1
27427,lemathurin,2026-04-25T13:02:41Z,2026-05-16T14:04:31Z,closed,False,False,4
27430,elibattistoni,2026-04-25T15:17:46Z,2026-07-28T09:31:26Z,closed,False,True,14
27431,robinradx,2026-04-25T15:46:37Z,2026-07-28T10:52:51Z,closed,True,False,7
27432,prathamVaidya,2026-04-25T16:09:51Z,2026-04-26T15:32:52Z,closed,False,False,2
27433,Zingzy,2026-04-25T21:54:16Z,2026-05-17T00:40:14Z,closed,False,False,4
27442,Flartiny,2026-04-26T10:18:16Z,2026-06-21T20:39:10Z,closed,False,True,5
27444,prathamVaidya,2026-04-26T15:30:41Z,2026-07-06T08:52:30Z,closed,False,True,8
27448,JoaoGFdev,2026-04-26T17:39:52Z,2026-05-07T20:16:07Z,closed,False,False,2
27450,kud,2026-04-26T18:36:24Z,2026-05-13T12:27:42Z,closed,True,False,6
27452,alexi-build,2026-04-26T22:23:17Z,2026-04-28T18:46:06Z,closed,True,False,4
27453,Matias-Sandoval,2026-04-26T22:42:48Z,2026-05-19T01:39:47Z,closed,False,False,4
27454,alexi-build,2026-04-27T00:47:33Z,2026-05-18T12:49:12Z,closed,False,True,4
27455,jvxz,2026-04-27T01:05:17Z,2026-05-20T14:52:13Z,closed,True,False,6
27458,rafaeltmanso,2026-04-27T02:42:55Z,2026-05-18T03:43:33Z,closed,False,True,3
27466,valent1d,2026-04-27T12:17:22Z,2026-05-20T15:00:36Z,closed,True,False,6
27468,Artem-Kysylov,2026-04-27T15:46:19Z,2026-05-19T10:27:42Z,closed,False,False,4
27469,clins1994,2026-04-27T16:37:27Z,2026-05-22T03:46:26Z,closed,False,True,7
27476,arefur-rahman,2026-04-28T01:00:20Z,2026-06-21T21:17:37Z,closed,False,True,6
27478,ridemountainpig,2026-04-28T02:51:11Z,2026-04-28T04:00:51Z,closed,True,False,4
27480,ninzucchi,2026-04-28T05:35:56Z,2026-04-28T05:38:55Z,closed,False,True,1
27481,rob-browncc,2026-04-28T06:03:40Z,2026-05-21T08:51:09Z,closed,True,False,9
27482,PhamQuang-512,2026-04-28T07:18:34Z,2026-05-20T05:10:04Z,closed,False,False,5
27486,Henninggsson,2026-04-28T11:22:47Z,2026-05-27T09:55:19Z,closed,True,False,9
27487,romainbsl,2026-04-28T11:57:38Z,2026-05-19T13:22:26Z,closed,False,False,4
27488,reesf1s,2026-04-28T12:58:05Z,2026-05-19T13:22:29Z,closed,False,False,4
27491,michaelmjhhhh,2026-04-28T14:18:14Z,2026-05-14T02:05:36Z,closed,False,False,5
27494,fernandopicardi,2026-04-28T16:54:05Z,2026-06-21T21:17:39Z,closed,False,True,5
27497,MobileMage,2026-04-28T19:40:40Z,2026-05-19T23:03:57Z,closed,False,False,4
27499,shivraj-roy,2026-04-28T21:02:19Z,2026-05-11T05:24:11Z,closed,True,False,4
27503,Thomas-16,2026-04-29T03:57:22Z,2026-05-20T05:10:06Z,closed,False,False,4
27505,JSONbored,2026-04-29T06:38:59Z,2026-05-25T11:06:45Z,closed,True,False,6
27508,loco1842,2026-04-29T07:07:56Z,2026-04-29T08:20:40Z,closed,False,True,1
27510,loco1842,2026-04-29T07:55:30Z,2026-04-29T09:28:01Z,closed,False,True,1
27512,wang0122xl,2026-04-29T08:16:25Z,2026-04-29T11:05:59Z,closed,False,False,2
27514,famousleon,2026-04-29T10:17:32Z,2026-06-22T09:44:30Z,closed,False,True,5
27515,mormubis,2026-04-29T10:42:42Z,2026-05-25T13:27:11Z,closed,False,True,4
27518,wang0122xl,2026-04-29T11:10:34Z,2026-05-20T12:40:01Z,closed,False,False,4
27519,tmwrnr,2026-04-29T11:15:48Z,2026-05-21T10:53:44Z,closed,True,False,5
27523,Bryan21B,2026-04-29T14:37:57Z,2026-05-25T10:15:57Z,closed,False,True,3
27524,loco1842,2026-04-29T15:08:54Z,2026-05-27T05:25:46Z,closed,True,False,7
27529,matbrady,2026-04-29T19:02:17Z,2026-04-29T19:02:51Z,closed,False,True,1
27531,Mr3zee,2026-04-29T22:58:19Z,2026-04-29T22:58:47Z,closed,False,True,1
27543,jsphwllng,2026-04-30T09:16:24Z,2026-04-30T09:39:28Z,closed,False,False,3
27546,mickaelalvs,2026-04-30T10:56:12Z,2026-06-27T20:14:28Z,closed,False,True,6
27548,Miaonster,2026-04-30T12:24:10Z,2026-06-30T06:12:17Z,closed,False,True,5
27551,rokartur,2026-04-30T13:42:57Z,2026-05-21T13:04:04Z,closed,True,False,5
27553,jliounis,2026-04-30T15:16:47Z,2026-06-22T13:15:55Z,closed,False,True,6
27555,nghialuong,2026-04-30T15:40:00Z,2026-05-16T04:28:43Z,closed,True,False,7
27558,MiguelOlsen,2026-04-30T16:16:56Z,2026-07-09T06:23:34Z,closed,True,False,17
27559,ryzen30xx,2026-04-30T18:18:31Z,2026-07-11T15:29:35Z,closed,False,True,5
27564,adibhanna,2026-04-30T20:54:51Z,2026-05-21T21:30:05Z,closed,False,False,5
27570,stoumann,2026-05-01T06:29:17Z,2026-05-01T06:33:14Z,closed,False,True,1
27574,JJJJJJJJS,2026-05-01T10:11:38Z,2026-05-22T10:24:56Z,closed,False,True,3
27577,iamanishroy,2026-05-01T11:58:59Z,2026-06-23T17:54:09Z,closed,False,True,5
27580,TechSupportz,2026-05-01T14:45:31Z,2026-07-25T04:02:39Z,closed,False,True,8
27587,datlechin,2026-05-01T19:08:16Z,2026-05-22T18:01:30Z,closed,True,False,6
27588,ariestwn,2026-05-01T21:18:25Z,2026-05-23T20:02:42Z,closed,False,False,5
27589,husnainfareed,2026-05-01T21:32:59Z,2026-05-02T10:02:12Z,closed,False,False,3
27590,nishilfaldu,2026-05-01T21:49:20Z,2026-07-18T06:29:09Z,closed,False,True,6
27593,Balajitechlabs,2026-05-01T23:53:45Z,2026-05-17T16:43:08Z,closed,False,False,3
27596,paakjong,2026-05-02T03:10:27Z,2026-07-18T06:29:10Z,closed,False,True,8
27601,husnainfareed,2026-05-02T10:02:56Z,2026-05-03T15:30:33Z,closed,False,True,3
27605,AlexandreMT,2026-05-02T11:35:25Z,2026-05-16T04:33:39Z,closed,True,False,5
27606,elrumo,2026-05-02T12:13:25Z,2026-05-24T15:26:10Z,closed,False,True,3
27610,tofrankie,2026-05-02T21:43:59Z,2026-06-01T08:29:47Z,closed,True,False,6
27612,semantic-craft,2026-05-03T00:05:56Z,2026-05-27T02:15:00Z,closed,True,False,7
27617,kaunteya,2026-05-03T11:38:03Z,2026-07-17T19:12:11Z,closed,False,True,9
27620,husnainfareed,2026-05-03T15:31:59Z,2026-07-03T14:33:28Z,closed,False,True,5
27624,alsmjs,2026-05-03T16:51:30Z,2026-05-03T17:28:19Z,closed,False,False,2
27625,soulmate1337,2026-05-03T17:09:46Z,2026-05-27T13:09:20Z,closed,True,False,6
27627,PacuFTW,2026-05-03T19:07:30Z,2026-05-03T19:15:25Z,closed,False,True,1
27628,PacuFTW,2026-05-03T19:16:53Z,2026-05-24T20:11:08Z,closed,False,True,3
27630,alsmjs,2026-05-03T19:25:12Z,2026-05-04T04:59:03Z,closed,False,False,2
27635,peinan,2026-05-04T04:13:17Z,2026-06-27T07:36:47Z,closed,False,True,6
27636,tmwrnr,2026-05-04T04:57:03Z,2026-05-26T06:40:42Z,closed,True,False,6
27638,alsmjs,2026-05-04T04:59:13Z,2026-05-12T06:49:30Z,closed,False,False,2
27643,kiwiflydream,2026-05-04T11:11:13Z,2026-05-25T11:49:07Z,closed,False,True,3
27646,leolionart,2026-05-04T13:30:31Z,2026-06-27T08:03:20Z,closed,False,True,10
27647,leolionart,2026-05-04T14:11:53Z,2026-05-25T16:18:47Z,closed,False,False,11
27648,leolionart,2026-05-04T14:11:53Z,2026-05-25T16:18:45Z,closed,False,False,17
27655,chrismessina,2026-05-04T23:33:08Z,2026-05-10T00:59:25Z,closed,True,False,5
27657,DavidRicardoWilde,2026-05-05T02:39:20Z,2026-05-26T06:15:49Z,closed,False,False,4
27665,madatbay,2026-05-05T12:44:15Z,2026-05-05T12:44:40Z,closed,False,True,1
27666,madatbay,2026-05-05T12:50:08Z,2026-05-05T12:51:19Z,closed,False,True,1
27670,winzamark123,2026-05-05T16:24:52Z,2026-05-26T03:18:29Z,closed,False,False,3
27672,corychainsman,2026-05-05T17:26:49Z,2026-06-27T03:21:49Z,closed,False,True,6
27674,williebsweet,2026-05-05T18:53:15Z,2026-06-03T12:24:46Z,closed,False,True,3
27675,semantic-craft,2026-05-05T23:35:43Z,2026-05-16T16:22:11Z,closed,False,False,5
27678,IISweetHeartII,2026-05-06T02:22:30Z,2026-05-27T02:03:06Z,closed,True,False,5
27684,blankamo,2026-05-06T06:55:32Z,2026-05-26T19:46:48Z,closed,True,False,4
27687,2dubu,2026-05-06T08:45:33Z,2026-07-05T13:35:57Z,closed,False,True,8
27688,JamexCEO,2026-05-06T09:13:01Z,2026-05-11T08:42:14Z,closed,False,False,3
27692,Mrkinpa,2026-05-06T13:04:58Z,2026-05-26T15:43:35Z,closed,True,False,5
27702,satelerd,2026-05-06T20:29:16Z,,open,False,True,6
27711,ysnows,2026-05-07T05:27:46Z,2026-05-28T06:33:27Z,closed,False,True,3
27716,ipunkid,2026-05-07T12:32:39Z,2026-06-09T15:30:09Z,closed,True,False,5
27726,thaibapratik,2026-05-07T16:55:06Z,2026-07-05T05:02:31Z,closed,False,True,4
27728,steveafrost,2026-05-07T17:55:06Z,2026-05-07T20:17:35Z,closed,False,False,2
27734,seanwessmith,2026-05-08T00:00:10Z,2026-07-05T08:32:10Z,closed,False,True,8
27735,dustchambers,2026-05-08T02:28:11Z,2026-06-28T11:46:38Z,closed,False,True,7
27741,dawidmatyjasik,2026-05-08T10:56:11Z,2026-07-13T15:27:40Z,closed,False,True,6
27742,kritzmania,2026-05-08T12:16:13Z,2026-07-11T15:42:50Z,closed,False,True,7
27743,valleyhu,2026-05-08T13:47:38Z,2026-06-28T16:09:29Z,closed,False,True,5
27745,steveafrost,2026-05-08T15:38:08Z,2026-05-29T20:20:26Z,closed,True,False,9
27747,dustchambers,2026-05-08T19:11:06Z,2026-07-17T12:46:24Z,closed,False,True,7
27748,mishamyrt,2026-05-08T21:06:59Z,2026-05-08T22:01:36Z,closed,False,True,1
27749,aundurraga,2026-05-09T00:24:30Z,2026-06-05T10:00:17Z,closed,False,True,5
27751,TheEpicStudent,2026-05-09T02:22:57Z,2026-05-30T16:30:54Z,closed,False,False,4
27752,codythatsme,2026-05-09T04:44:08Z,2026-05-09T04:45:22Z,closed,False,True,1
27753,codythatsme,2026-05-09T04:50:14Z,2026-06-01T11:36:54Z,closed,True,False,6
27754,valleyhu,2026-05-09T05:44:40Z,2026-07-09T13:00:00Z,closed,False,True,4
27755,irishlionplatter,2026-05-09T07:14:05Z,2026-07-11T19:32:14Z,closed,False,True,6
27758,lifedever,2026-05-09T11:17:40Z,2026-06-10T19:49:05Z,closed,True,False,8
27759,semantic-craft,2026-05-09T13:58:23Z,2026-05-21T14:17:41Z,closed,False,False,2
27760,Pranay-blip,2026-05-09T14:15:33Z,2026-06-01T19:26:04Z,closed,False,False,4
27761,mateoltd,2026-05-09T15:00:20Z,2026-05-09T15:24:16Z,closed,False,True,2
27766,mishamyrt,2026-05-09T19:21:55Z,2026-05-09T21:00:18Z,closed,False,True,1
27767,Today20092,2026-05-09T20:16:22Z,2026-05-30T23:56:31Z,closed,False,True,3
27768,mishamyrt,2026-05-09T21:01:02Z,2026-06-02T12:33:35Z,closed,True,False,8
27771,tommertron,2026-05-09T23:10:24Z,2026-05-31T13:36:06Z,closed,False,False,4
27775,phucbinhdev,2026-05-10T02:57:31Z,2026-05-31T05:35:26Z,closed,False,False,4
27776,abnershang,2026-05-10T13:17:33Z,2026-05-11T12:48:20Z,closed,False,True,1
27777,dustchambers,2026-05-10T14:41:10Z,2026-07-04T07:47:55Z,closed,False,True,6
27778,lmilojevicc,2026-05-10T15:15:32Z,2026-05-31T16:49:59Z,closed,False,False,5
27787,JamexCEO,2026-05-11T08:42:27Z,,open,False,True,15
27789,DayTimeStill,2026-05-11T09:01:59Z,2026-07-05T08:32:12Z,closed,False,True,6
27791,Prince-Mukunzi,2026-05-11T09:20:44Z,2026-06-01T09:59:16Z,closed,False,False,4
27793,dawidmatyjasik,2026-05-11T11:01:23Z,2026-07-04T12:30:54Z,closed,False,True,8
27794,malviys,2026-05-11T11:20:48Z,2026-06-01T19:15:25Z,closed,False,False,4
27795,stoumann,2026-05-11T11:33:07Z,2026-07-06T09:20:55Z,closed,False,True,18
27796,FratresMedAI,2026-05-11T12:31:28Z,2026-05-12T10:29:50Z,closed,False,False,2
27798,abnershang,2026-05-11T12:44:33Z,2026-05-20T19:42:31Z,closed,True,False,5
27801,zohaibarsalan,2026-05-11T14:32:02Z,2026-06-01T16:07:09Z,closed,False,False,5
27804,gbechtold,2026-05-11T16:02:20Z,2026-06-01T17:14:51Z,closed,False,False,5
27805,jfox85,2026-05-11T16:03:37Z,2026-06-02T12:59:46Z,closed,True,False,7
27808,0xfreddy,2026-05-11T18:06:19Z,2026-07-05T05:02:35Z,closed,False,True,7
27811,rvaccone,2026-05-12T01:06:16Z,2026-05-12T01:34:31Z,closed,False,True,2
27812,rvaccone,2026-05-12T01:37:18Z,2026-05-16T04:30:57Z,closed,True,False,4
27819,alsmjs,2026-05-12T06:54:43Z,2026-06-03T04:35:52Z,closed,False,True,4
27823,uchimanajet7,2026-05-12T08:48:42Z,2026-05-13T03:49:09Z,closed,False,False,2
27829,michael-andreuzza,2026-05-12T13:11:08Z,2026-06-19T09:17:14Z,closed,True,False,8
27834,0xdhrv,2026-05-12T14:40:04Z,2026-06-02T14:43:05Z,closed,False,True,3
27836,FirasLatrech,2026-05-12T15:13:29Z,2026-06-02T15:39:14Z,closed,False,True,3
27838,ymolodtsov,2026-05-12T15:37:39Z,2026-06-02T16:36:16Z,closed,False,True,3
27846,uchimanajet7,2026-05-13T03:49:13Z,2026-06-07T04:14:41Z,closed,False,False,7
27849,LivioGama,2026-05-13T05:52:47Z,2026-05-13T22:10:21Z,closed,False,False,2
27851,emreisik95,2026-05-13T07:38:41Z,2026-06-02T11:47:28Z,closed,False,False,3
27857,Amir-HM,2026-05-13T13:11:38Z,,open,False,True,7
27859,mcdays94,2026-05-13T13:48:23Z,2026-06-10T04:55:17Z,closed,True,False,6
27867,apeiniger,2026-05-13T20:18:18Z,2026-06-19T08:06:24Z,closed,True,False,7
27868,gravitinos,2026-05-13T20:18:54Z,2026-05-14T15:45:04Z,closed,False,True,3
27870,LivioGama,2026-05-13T22:37:38Z,2026-07-05T08:32:13Z,closed,False,True,7
27871,liel20946,2026-05-13T22:40:58Z,2026-06-05T11:28:15Z,closed,True,False,5
27875,aimslut,2026-05-14T01:49:32Z,2026-06-04T03:23:19Z,closed,False,True,3
27876,michaelmjhhhh,2026-05-14T02:55:56Z,2026-07-05T12:52:27Z,closed,False,True,5
27877,ipopo,2026-05-14T03:15:56Z,,open,False,False,11
27879,francescopioparadiso,2026-05-14T08:52:16Z,2026-07-28T07:56:39Z,closed,True,False,15
27889,nikgraphx,2026-05-14T15:05:47Z,,open,False,True,10
27890,anhthang,2026-05-14T15:46:35Z,2026-06-03T12:43:17Z,closed,True,False,4
27899,egorchuzhin,2026-05-14T20:41:47Z,2026-06-05T13:57:26Z,closed,True,False,7
27900,stefanicjuraj,2026-05-14T20:42:35Z,2026-06-08T05:11:39Z,closed,True,False,5
27905,duduzeta,2026-05-14T22:43:41Z,2026-06-11T09:20:09Z,closed,True,False,5
27907,ary4n,2026-05-15T01:13:22Z,2026-06-18T06:11:04Z,closed,True,False,6
27908,LockeAG,2026-05-15T01:48:58Z,2026-06-30T06:49:10Z,closed,True,False,8
27909,czh020110,2026-05-15T03:20:23Z,2026-05-17T01:43:31Z,closed,False,True,1
27910,jmgpp,2026-05-15T03:47:50Z,2026-07-06T14:16:50Z,closed,False,True,5
27911,czh020110,2026-05-15T04:09:01Z,2026-05-17T01:43:31Z,closed,False,True,1
27917,shenyeah,2026-05-15T06:37:31Z,2026-07-06T05:21:49Z,closed,False,True,5
27919,jae-jae,2026-05-15T07:39:54Z,2026-05-15T08:48:29Z,closed,False,True,1
27921,jae-jae,2026-05-15T08:49:10Z,2026-05-15T08:52:58Z,closed,False,True,1
27922,jae-jae,2026-05-15T08:53:48Z,2026-06-05T11:17:29Z,closed,False,True,9
27924,AadeshMndr,2026-05-15T09:11:34Z,2026-05-15T10:59:16Z,closed,False,True,3
27925,gkpln3,2026-05-15T10:09:39Z,2026-07-06T05:21:51Z,closed,False,True,5
27928,Armitage35,2026-05-15T13:45:21Z,2026-07-01T19:54:16Z,closed,False,True,4
27930,mitsimi,2026-05-15T14:45:32Z,2026-06-04T05:07:26Z,closed,True,False,7
27942,0xdhrv,2026-05-15T20:01:03Z,2026-05-18T06:36:57Z,closed,True,False,4
27943,Onnokh,2026-05-15T20:38:24Z,2026-05-22T20:02:56Z,closed,False,False,2
27944,unfortuNateLee,2026-05-15T20:47:27Z,2026-05-15T20:58:14Z,closed,False,False,2
27950,colapsis,2026-05-16T00:21:45Z,2026-06-06T01:46:32Z,closed,False,True,5
27951,nikolaykolibarov,2026-05-16T00:30:01Z,2026-05-16T10:39:36Z,closed,False,True,2
27953,Ghosy,2026-05-16T00:42:04Z,2026-06-06T01:46:33Z,closed,False,True,3
27968,nurel07,2026-05-16T08:06:49Z,2026-05-18T10:50:08Z,closed,True,False,4
27969,erdiegoant,2026-05-16T08:17:17Z,2026-06-24T09:30:34Z,closed,True,False,4
27978,nikolaykolibarov,2026-05-16T10:54:39Z,2026-05-16T11:29:26Z,closed,False,False,3
27980,nikolaykolibarov,2026-05-16T11:30:44Z,2026-06-04T16:20:45Z,closed,True,False,5
27984,jsiu93,2026-05-16T14:35:08Z,2026-06-18T13:54:28Z,closed,True,False,7
27986,semantic-craft,2026-05-16T16:22:16Z,2026-05-19T00:32:19Z,closed,False,False,2
27987,doktor500,2026-05-16T20:11:09Z,2026-06-09T08:53:49Z,closed,True,False,8
27993,diceroll123,2026-05-17T01:25:22Z,2026-05-20T23:17:19Z,closed,False,False,2
27998,fabian-raycast,2026-05-17T03:45:55Z,2026-06-07T04:24:57Z,closed,False,True,3
28028,bramsuurdje,2026-05-17T11:51:10Z,2026-05-31T13:22:12Z,closed,False,True,2
28030,danielgamrotcz,2026-05-17T12:06:46Z,2026-06-07T12:30:38Z,closed,False,True,3
28034,ertembiyik,2026-05-17T13:34:24Z,2026-07-07T09:27:51Z,closed,False,True,7
28036,mattiacolombomc,2026-05-17T14:07:41Z,2026-06-09T08:46:12Z,closed,True,False,8
28042,thomas7725353,2026-05-17T19:57:35Z,2026-06-05T11:20:42Z,closed,True,False,5
28050,pranavjana,2026-05-18T04:34:57Z,2026-07-01T19:20:14Z,closed,True,False,6
28058,RobiMez,2026-05-18T06:25:14Z,2026-06-05T13:15:57Z,closed,True,False,4
28064,ArtemiOllin,2026-05-18T07:02:51Z,2026-05-18T07:12:53Z,closed,False,True,1
28066,ArtemiOllin,2026-05-18T07:13:15Z,2026-05-18T07:13:56Z,closed,False,True,2
28078,zaaaato,2026-05-18T09:37:41Z,2026-06-08T10:06:20Z,closed,False,True,3
28079,andrehebben,2026-05-18T09:42:05Z,2026-05-18T10:07:35Z,closed,False,True,1
28082,petersamokhin,2026-05-18T11:20:49Z,2026-05-18T14:57:45Z,closed,True,False,4
28092,henriquepmartins,2026-05-18T15:03:04Z,2026-05-18T15:05:14Z,closed,False,False,3
28093,gardnerscot,2026-05-18T15:18:21Z,2026-07-02T11:46:57Z,closed,False,True,4
28094,niborrenrew,2026-05-18T15:46:10Z,,open,False,True,14
28098,NVITE0o0,2026-05-18T17:27:46Z,2026-06-10T04:42:56Z,closed,True,False,6
28099,filippo1335,2026-05-18T17:51:27Z,2026-06-08T18:03:33Z,closed,False,True,3
28100,artisticmedic,2026-05-18T18:47:25Z,2026-05-19T07:33:24Z,closed,True,False,4
28110,semantic-craft,2026-05-19T00:33:22Z,2026-07-09T10:57:54Z,closed,False,True,8
28111,refeax,2026-05-19T01:39:24Z,2026-07-24T07:37:12Z,closed,False,True,11
28121,Balajitechlabs,2026-05-19T10:41:21Z,2026-06-24T19:49:52Z,closed,False,True,6
28123,dasomji,2026-05-19T12:11:05Z,2026-07-13T02:13:59Z,closed,False,True,6
28127,Roderick111,2026-05-19T14:31:51Z,,open,False,True,6
28128,wangruqing723,2026-05-19T14:37:07Z,2026-07-09T07:28:02Z,closed,False,True,4
28131,shemtovo,2026-05-19T15:02:54Z,2026-07-13T07:21:00Z,closed,False,True,5
28133,Armitage35,2026-05-19T15:46:31Z,,open,False,True,7
28138,shivraj-roy,2026-05-19T17:01:28Z,2026-06-08T11:18:02Z,closed,True,False,5
28140,thewlud,2026-05-19T19:05:52Z,2026-07-13T07:49:08Z,closed,False,True,4
28141,binaryblitz10,2026-05-19T19:26:55Z,,open,False,True,5
28151,Sriketk,2026-05-20T09:23:59Z,2026-06-11T01:40:35Z,closed,True,False,6
28178,AkaChou,2026-05-20T13:11:47Z,2026-06-10T04:58:01Z,closed,True,False,4
28182,Paulito12209,2026-05-20T13:47:27Z,,open,False,True,4
28188,tgrecojs,2026-05-20T14:39:24Z,2026-06-01T18:06:34Z,closed,True,False,6
28207,yovkov,2026-05-20T21:30:12Z,2026-06-10T08:46:18Z,closed,True,False,4
28211,esteban03,2026-05-21T01:36:54Z,2026-06-11T08:59:13Z,closed,True,False,4
28212,ridemountainpig,2026-05-21T05:29:24Z,2026-05-21T07:49:26Z,closed,True,False,4
28216,KITTEEE,2026-05-21T08:25:55Z,2026-06-27T07:36:51Z,closed,False,True,5
28221,chswei,2026-05-21T10:23:37Z,2026-06-16T06:30:13Z,closed,False,True,2
28223,rononline,2026-05-21T12:54:22Z,2026-06-22T13:16:03Z,closed,False,True,3
28224,semantic-craft,2026-05-21T14:17:46Z,2026-06-24T09:26:28Z,closed,True,False,8
28228,jatne,2026-05-21T18:39:22Z,2026-06-11T11:37:30Z,closed,True,False,4
28229,QuadDepo,2026-05-21T19:11:58Z,2026-07-13T13:20:13Z,closed,False,True,4
28232,danielsoliman,2026-05-21T20:38:51Z,2026-05-27T18:00:05Z,closed,False,True,1
28234,p-koenig,2026-05-22T00:06:08Z,2026-05-22T00:12:54Z,closed,False,False,2
28235,p-koenig,2026-05-22T00:26:01Z,2026-06-11T13:30:46Z,closed,True,False,4
28237,maxludden,2026-05-22T02:45:47Z,2026-07-11T06:15:45Z,closed,False,True,4
28239,ADog55B,2026-05-22T03:50:56Z,2026-05-26T15:01:11Z,closed,True,False,6
28242,zisoft,2026-05-22T06:20:28Z,2026-05-22T07:14:46Z,closed,False,False,3
28243,Mohit0233,2026-05-22T07:07:50Z,2026-05-28T07:58:08Z,closed,False,True,1
28244,quanru,2026-05-22T07:22:43Z,2026-06-25T12:50:29Z,closed,True,False,11
28245,zisoft,2026-05-22T07:23:34Z,2026-05-23T03:52:43Z,closed,True,False,5
28246,1nto5,2026-05-22T08:29:30Z,2026-06-23T08:54:45Z,closed,False,True,3
28255,yoavc123,2026-05-22T13:09:27Z,2026-06-23T13:33:00Z,closed,False,True,3
28256,Aler1x,2026-05-22T14:22:25Z,2026-06-11T14:08:36Z,closed,True,False,4
28259,Spratch,2026-05-22T17:16:53Z,2026-06-22T04:53:57Z,closed,True,False,6
28262,Onnokh,2026-05-22T20:03:01Z,2026-06-11T14:12:00Z,closed,True,False,4
28265,esteban03,2026-05-23T01:18:57Z,2026-07-21T01:07:59Z,closed,False,True,6
28267,mrmithunmathew,2026-05-23T03:57:57Z,2026-06-12T01:27:01Z,closed,True,False,4
28271,anduimagui,2026-05-23T05:47:21Z,2026-06-24T18:08:32Z,closed,False,True,3
28275,Blueemi,2026-05-23T11:14:42Z,2026-07-14T02:09:20Z,closed,False,True,4
28276,Maxaccurate,2026-05-23T12:58:28Z,2026-06-18T12:49:13Z,closed,True,False,8
28277,jackbaty,2026-05-23T13:44:45Z,2026-05-23T13:58:55Z,closed,False,False,2
28278,Jei-sKappa,2026-05-23T13:47:29Z,2026-05-23T13:51:18Z,closed,False,True,1
28280,sixfwa,2026-05-23T16:25:26Z,2026-06-12T09:40:10Z,closed,True,False,4
28281,esteban03,2026-05-23T17:19:53Z,2026-06-12T11:27:39Z,closed,True,False,6
28284,sth3no,2026-05-23T17:49:22Z,,open,False,True,4
28287,halitsever,2026-05-24T01:32:25Z,2026-07-10T12:08:58Z,closed,False,True,3
28288,spicyfalafel,2026-05-24T10:52:36Z,2026-07-14T13:07:53Z,closed,False,True,4
28291,kur-ankur,2026-05-24T15:25:50Z,2026-06-15T11:03:49Z,closed,True,False,3
28292,polvallverdu,2026-05-24T15:41:31Z,2026-06-17T14:47:33Z,closed,False,True,3
28297,AlexIsMaking,2026-05-24T19:15:39Z,2026-05-24T19:21:19Z,closed,False,True,2
28300,stefankosticc,2026-05-24T20:42:04Z,2026-07-14T14:50:21Z,closed,False,True,4
28307,aaronysj,2026-05-25T06:41:15Z,2026-07-17T12:26:07Z,closed,False,True,4
28309,madeyexz,2026-05-25T07:00:41Z,2026-05-25T07:05:56Z,closed,False,True,2
28310,madeyexz,2026-05-25T07:04:49Z,2026-07-18T12:06:19Z,closed,False,True,4
28315,kazuhideoki,2026-05-25T11:57:52Z,2026-07-20T11:13:20Z,closed,False,True,5
28317,jorgetoh,2026-05-25T12:27:38Z,2026-06-24T04:00:44Z,closed,True,False,10
28319,OusephPK,2026-05-25T15:15:51Z,2026-07-20T11:13:22Z,closed,False,True,11
28321,humanfriend22,2026-05-25T18:23:21Z,2026-07-16T15:24:48Z,closed,True,False,7
28322,frederikdebosschere,2026-05-25T19:23:24Z,2026-07-23T16:36:34Z,closed,False,True,5
28324,mwhobrey,2026-05-25T23:00:17Z,2026-06-16T14:50:46Z,closed,True,False,4
28325,semantic-craft,2026-05-26T03:45:53Z,2026-06-03T18:40:04Z,closed,False,False,3
28326,07JP27,2026-05-26T04:50:03Z,2026-07-18T15:08:05Z,closed,False,True,5
28335,nx-alejandrolacasa,2026-05-26T10:48:21Z,2026-06-16T15:54:22Z,closed,True,False,6
28342,Armitage35,2026-05-26T14:48:25Z,2026-07-05T08:32:18Z,closed,False,True,5
28351,Smexey,2026-05-26T19:55:57Z,2026-06-22T05:04:50Z,closed,True,False,5
28354,maximn,2026-05-26T22:11:56Z,2026-07-07T09:46:08Z,closed,True,False,7
28356,altryne,2026-05-26T22:29:39Z,2026-06-27T23:25:59Z,closed,False,True,4
28360,parsifal295,2026-05-27T06:51:39Z,2026-07-13T07:30:23Z,closed,False,True,5
28362,DDR13GIT,2026-05-27T07:12:10Z,2026-07-20T05:58:08Z,closed,False,True,4
28366,gaoyang,2026-05-27T09:06:10Z,2026-07-20T05:58:10Z,closed,False,True,5
28369,semantic-craft,2026-05-27T13:06:52Z,2026-06-19T09:23:01Z,closed,True,False,7
28372,zacharyhuo,2026-05-27T15:02:18Z,2026-07-26T04:49:13Z,closed,False,True,5
28373,PPabloMunoz,2026-05-27T15:28:19Z,2026-06-12T11:41:31Z,closed,False,True,1
28381,Reluxer,2026-05-28T02:38:33Z,2026-07-21T09:58:33Z,closed,False,True,5
28385,b1shoy,2026-05-28T05:46:46Z,2026-07-21T09:58:35Z,closed,False,True,4
28387,Mohit0233,2026-05-28T07:57:30Z,2026-06-29T11:55:36Z,closed,False,True,4
28390,kylescudder,2026-05-28T11:12:39Z,2026-07-26T04:49:15Z,closed,False,True,4
28393,semantic-craft,2026-05-28T13:09:05Z,2026-07-09T10:57:55Z,closed,False,True,8
28395,19arturd95,2026-05-28T17:11:14Z,2026-07-06T04:45:32Z,closed,False,True,4
28397,phongndo,2026-05-28T17:58:37Z,2026-07-27T11:53:04Z,closed,False,True,7
28400,Fractal486,2026-05-28T18:34:52Z,2026-05-28T18:35:23Z,closed,False,True,1
28406,LunarRed,2026-05-29T03:43:51Z,,open,False,False,7
28411,abeldebruijn,2026-05-29T10:26:38Z,2026-06-23T06:02:13Z,closed,True,False,5
28413,Tien-Lam,2026-05-29T12:00:07Z,2026-06-23T05:34:10Z,closed,True,False,4
28416,semantic-craft,2026-05-29T14:11:46Z,2026-07-09T10:57:55Z,closed,False,True,8
28420,Tien-Lam,2026-05-29T17:20:11Z,2026-06-23T06:51:03Z,closed,True,False,4
28426,nj-09,2026-05-30T00:36:17Z,2026-07-01T01:38:07Z,closed,False,True,3
28429,vayaSEO,2026-05-30T02:03:29Z,2026-07-25T08:35:13Z,closed,False,True,5
28433,abdullah-shabib,2026-05-30T08:29:30Z,2026-06-24T06:23:57Z,closed,True,False,4
28436,joaquingonzalezzanotti,2026-05-30T16:10:01Z,2026-05-30T16:20:23Z,closed,False,True,1
28437,joaquingonzalezzanotti,2026-05-30T16:25:20Z,2026-05-30T16:44:55Z,closed,False,False,2
28438,joaquingonzalezzanotti,2026-05-30T16:48:55Z,2026-07-25T08:35:14Z,closed,False,True,5
28440,6crucified,2026-05-30T18:39:32Z,2026-05-30T18:45:58Z,closed,False,False,2
28441,6crucified,2026-05-30T18:50:54Z,2026-05-30T19:07:01Z,closed,False,False,3
28443,6crucified,2026-05-30T19:28:56Z,2026-05-30T19:39:31Z,closed,False,False,3
28444,khndmkt-crypto,2026-05-31T00:36:40Z,2026-07-10T12:42:57Z,closed,True,False,10
28446,nwhistler,2026-05-31T02:57:28Z,2026-06-23T15:48:06Z,closed,True,False,5
28448,chipoto69,2026-05-31T03:51:25Z,2026-07-25T16:29:28Z,closed,False,True,5
28451,clins1994,2026-05-31T07:55:01Z,2026-06-03T04:53:50Z,closed,True,False,9
28452,hmshafeeq,2026-05-31T08:05:23Z,2026-06-03T09:49:34Z,closed,False,True,1
28456,aryankush25,2026-05-31T13:26:49Z,2026-07-25T17:40:53Z,closed,False,True,4
28457,ekamran,2026-05-31T13:40:14Z,2026-06-24T05:39:21Z,closed,True,False,5
28461,Glct26,2026-05-31T20:09:34Z,2026-06-25T10:34:23Z,closed,True,False,6
28463,jeremieberrebi,2026-05-31T21:54:41Z,,open,False,True,4
28464,conikeec,2026-05-31T22:50:59Z,2026-07-03T01:40:35Z,closed,False,True,3
28470,stefankosticc,2026-06-01T11:45:13Z,2026-07-09T16:01:05Z,closed,True,False,4
28471,albertogalca,2026-06-01T12:46:45Z,2026-07-16T09:23:26Z,closed,True,False,7
28479,ferrocyante,2026-06-01T20:56:02Z,2026-06-02T05:43:09Z,closed,False,False,2
28480,jb4874,2026-06-01T21:00:42Z,2026-07-03T21:58:26Z,closed,False,True,3
28482,rodolfo-terriquez,2026-06-02T00:34:13Z,2026-06-03T01:32:07Z,closed,False,False,2
28483,v-khanna,2026-06-02T02:20:51Z,2026-07-31T06:18:46Z,closed,False,True,7
28485,SciSaif,2026-06-02T04:37:32Z,2026-07-04T05:38:15Z,closed,False,True,3
28486,czuli,2026-06-02T04:47:42Z,2026-07-28T11:35:42Z,closed,False,True,4
28487,SENTINELITE,2026-06-02T06:39:05Z,2026-07-04T07:15:35Z,closed,False,True,3
28489,ferrocyante,2026-06-02T08:25:18Z,2026-07-28T12:25:53Z,closed,False,True,4
28490,miguelrzazo,2026-06-02T10:01:17Z,2026-06-29T06:53:11Z,closed,True,False,4
28492,michel-steuwer,2026-06-02T10:52:23Z,2026-07-04T11:16:43Z,closed,False,True,3
28494,fbuetler,2026-06-02T11:15:12Z,2026-06-19T03:55:51Z,closed,True,False,5
28497,joecampo,2026-06-02T13:58:54Z,2026-06-24T06:21:46Z,closed,True,False,5
28501,EvanZhouDev,2026-06-02T22:18:30Z,2026-07-03T13:24:40Z,closed,True,False,5
28503,rodolfo-terriquez,2026-06-03T01:32:10Z,2026-07-19T09:39:40Z,closed,True,False,4
28504,chloedia,2026-06-03T04:49:02Z,,open,False,True,2
28505,TurboCoder13,2026-06-03T05:40:56Z,2026-07-28T13:59:57Z,closed,True,False,7
28506,kiluho,2026-06-03T05:44:56Z,2026-06-03T05:56:10Z,closed,False,False,2
28507,kiluho,2026-06-03T05:56:54Z,2026-06-03T10:53:20Z,closed,False,False,2
28508,arjanflac,2026-06-03T07:23:55Z,2026-06-26T15:20:27Z,closed,True,False,4
28512,kiluho,2026-06-03T10:56:24Z,2026-06-03T13:54:13Z,closed,False,False,2
28514,Nico-Pergande,2026-06-03T12:02:21Z,2026-06-26T15:23:31Z,closed,True,False,4
28517,kaksimedia-web,2026-06-03T12:58:02Z,2026-07-05T15:17:27Z,closed,False,True,3
28519,jeksn,2026-06-03T13:46:14Z,2026-07-27T16:16:15Z,closed,False,True,4
28520,kiluho,2026-06-03T13:56:03Z,2026-07-13T02:14:05Z,closed,False,True,6
28524,juavazmor,2026-06-03T15:11:28Z,2026-07-29T05:59:58Z,closed,False,True,6
28530,semantic-craft,2026-06-03T18:40:11Z,2026-07-09T10:57:55Z,closed,False,True,4
28548,auralshin,2026-06-04T13:18:26Z,2026-07-30T10:16:31Z,closed,False,True,4
28554,spadesquare,2026-06-04T17:11:15Z,2026-07-06T17:18:20Z,closed,False,True,3
28556,maujogue,2026-06-04T18:25:35Z,2026-06-04T18:27:50Z,closed,False,True,1
28558,kaksimedia-web,2026-06-04T18:56:47Z,2026-07-06T19:36:22Z,closed,False,True,3
28559,albertolezaun-afk,2026-06-04T21:25:02Z,2026-06-29T06:32:33Z,closed,True,False,5
28561,zp29,2026-06-05T03:15:56Z,2026-07-07T03:26:34Z,closed,False,True,3
28565,oishikimchi97,2026-06-05T06:18:52Z,2026-07-07T06:47:25Z,closed,False,True,3
28567,oishikimchi97,2026-06-05T06:43:45Z,2026-07-07T06:53:26Z,closed,False,True,3
28571,ddxkalin,2026-06-05T09:06:38Z,2026-07-07T10:46:53Z,closed,False,True,4
28577,FujiwaraChoki,2026-06-05T12:26:37Z,2026-07-31T00:48:55Z,closed,False,True,4
28582,hikmatelhaj,2026-06-05T14:11:07Z,,open,False,True,2
28583,FreeTeaspoon,2026-06-05T14:22:12Z,2026-07-31T06:58:29Z,closed,False,True,7
28591,mattiacolombomc,2026-06-05T21:15:47Z,2026-06-29T09:10:48Z,closed,True,False,5
28594,camschroedes,2026-06-06T10:23:07Z,2026-07-01T19:22:47Z,closed,True,False,6
28600,asafamos,2026-06-06T22:33:10Z,2026-06-17T09:34:15Z,closed,True,False,5
28607,roele,2026-06-07T16:30:41Z,2026-06-29T17:54:25Z,closed,True,False,4
28612,vict0rsch,2026-06-07T22:09:22Z,2026-07-02T18:47:03Z,closed,False,True,5
28613,aicayzer,2026-06-07T22:18:21Z,2026-06-10T19:43:03Z,closed,False,False,3
28614,chrismessina,2026-06-07T23:52:08Z,2026-06-08T05:04:45Z,closed,True,False,5
28615,GeekMai90,2026-06-08T02:47:59Z,,open,False,True,2
28617,uchimanajet7,2026-06-08T05:07:06Z,2026-06-30T11:33:42Z,closed,False,True,5
28619,paulchrisycj,2026-06-08T07:42:43Z,2026-08-02T20:27:25Z,closed,False,True,6
28624,finia2NA,2026-06-08T11:22:34Z,2026-06-30T07:12:43Z,closed,True,False,5
28628,maxchang3,2026-06-08T13:25:44Z,2026-06-08T13:49:18Z,closed,False,False,2
28629,ridemountainpig,2026-06-08T13:36:06Z,2026-06-09T05:10:30Z,closed,True,False,4
28630,maxchang3,2026-06-08T14:13:02Z,2026-06-08T18:54:11Z,closed,False,True,2
28631,juulliian,2026-06-08T15:07:23Z,2026-08-01T13:27:58Z,closed,False,True,4
28632,moose-zhx,2026-06-08T17:00:27Z,2026-06-08T17:20:08Z,closed,False,True,1
28636,maxchang3,2026-06-08T18:54:32Z,2026-06-08T19:20:10Z,closed,False,False,2
28637,dalonsogomez,2026-06-08T19:07:27Z,2026-08-01T10:00:44Z,closed,False,True,4
28638,dalonsogomez,2026-06-08T19:07:39Z,2026-06-08T19:23:54Z,closed,False,False,3
28639,maxchang3,2026-06-08T19:24:00Z,2026-06-08T19:41:01Z,closed,False,False,2
28640,jorggerojas,2026-06-08T19:37:00Z,2026-07-03T15:23:18Z,closed,False,True,4
28641,maxchang3,2026-06-08T19:44:41Z,2026-07-02T07:15:15Z,closed,True,False,12
28645,cobanov,2026-06-08T22:22:08Z,2026-07-11T00:02:30Z,closed,False,True,3
28647,SanKlein,2026-06-09T00:05:45Z,2026-07-15T17:27:53Z,closed,False,True,8
28649,yac516joe,2026-06-09T02:39:14Z,,open,False,True,6
28650,clins1994,2026-06-09T04:46:48Z,2026-06-10T04:36:03Z,closed,True,False,7
28653,moose-zhx,2026-06-09T06:20:22Z,2026-07-03T13:08:53Z,closed,True,False,4
28654,kabaakh,2026-06-09T06:50:52Z,2026-07-03T13:07:10Z,closed,True,False,5
28655,ZlatanCN,2026-06-09T09:34:41Z,2026-06-09T09:39:02Z,closed,False,True,1
28657,ZlatanCN,2026-06-09T09:47:21Z,2026-07-07T03:11:04Z,closed,False,True,3
28659,xylophonehero,2026-06-09T10:49:39Z,2026-06-09T11:49:33Z,closed,False,True,1
28662,0xMassi,2026-06-09T11:27:26Z,2026-07-06T12:26:47Z,closed,True,False,7
28664,DrGains,2026-06-09T12:18:05Z,2026-07-09T08:02:09Z,closed,True,False,6
28665,kumamaki,2026-06-09T12:20:32Z,2026-07-06T10:04:15Z,closed,True,False,4
28666,jonathan-geva,2026-06-09T13:26:47Z,2026-07-11T14:36:48Z,closed,False,True,3
28674,RaffeYang,2026-06-10T05:51:33Z,,open,False,False,3
28680,premsan-admin,2026-06-10T13:36:16Z,2026-06-27T02:21:22Z,closed,False,False,2
28682,izumiz-dev,2026-06-10T14:47:20Z,2026-06-13T08:20:09Z,closed,False,True,1
28683,adityavardhansharma,2026-06-10T15:22:02Z,2026-06-10T16:00:07Z,closed,False,True,1
28684,adityavardhansharma,2026-06-10T16:01:27Z,2026-07-26T06:54:43Z,closed,False,True,5
28691,abrockmann,2026-06-10T21:33:12Z,2026-07-13T07:58:32Z,closed,False,True,3
28697,Maxaccurate,2026-06-11T06:35:52Z,2026-07-10T12:31:51Z,closed,True,False,8
28703,anduimagui,2026-06-11T09:08:31Z,2026-07-13T12:30:00Z,closed,False,True,3
28706,phileastv,2026-06-11T09:37:53Z,,open,False,True,6
28710,henrikkvamme,2026-06-11T14:25:23Z,,open,False,False,4
28711,AlexanderGuru,2026-06-11T14:47:42Z,,open,False,True,2
28714,teologov,2026-06-11T18:10:03Z,2026-07-09T18:49:38Z,closed,True,False,6
28715,evnm,2026-06-11T21:23:35Z,2026-07-18T18:58:47Z,closed,True,False,7
28718,rivertwilight,2026-06-12T06:07:23Z,,open,False,False,4
28724,devjfreaks,2026-06-12T11:36:46Z,2026-07-14T10:52:27Z,closed,False,True,2
28725,ConfusedHello,2026-06-12T12:34:30Z,2026-06-12T13:08:40Z,closed,False,False,2
28727,sriverogalan,2026-06-12T15:49:16Z,2026-07-10T11:29:12Z,closed,True,False,5
28729,vilasmaciel,2026-06-12T16:02:42Z,2026-07-20T14:18:04Z,closed,False,True,3
28732,ryansb,2026-06-12T17:25:29Z,2026-07-14T18:00:18Z,closed,False,True,3
28739,arthurbath,2026-06-12T21:44:20Z,2026-06-15T03:34:04Z,closed,False,False,3
28742,czh020110,2026-06-13T05:08:25Z,,open,False,True,8
28743,TheMax98000,2026-06-13T05:47:04Z,2026-07-15T16:24:39Z,closed,True,False,7
28745,czh020110,2026-06-13T07:18:55Z,,open,False,True,5
28747,tesenwein,2026-06-13T07:49:36Z,2026-06-13T08:01:37Z,closed,False,True,2
28748,izumiz-dev,2026-06-13T08:20:14Z,,open,False,True,6
28749,Fungx,2026-06-13T10:18:24Z,,open,False,True,4
28751,go1f,2026-06-13T16:41:12Z,,open,False,True,4
28752,hbdermott,2026-06-13T21:02:25Z,2026-06-13T21:05:46Z,closed,False,True,1
28753,hbdermott,2026-06-13T21:16:59Z,,open,False,False,4
28761,rimodev74,2026-06-14T09:47:24Z,,open,False,True,6
28764,saminnet,2026-06-14T11:12:57Z,,open,False,True,4
28765,karthickajan,2026-06-14T19:16:52Z,2026-07-16T22:18:57Z,closed,False,True,4
28766,Prajz,2026-06-14T21:27:27Z,,open,False,True,3
28768,ahnopologetic,2026-06-15T00:13:02Z,,open,False,False,4
28769,apatki1996,2026-06-15T00:43:58Z,2026-07-17T07:54:50Z,closed,True,False,6
28771,SongRunqi,2026-06-15T01:30:13Z,,open,False,True,5
28780,berwickgeek,2026-06-15T10:12:46Z,,open,False,True,6
28788,cjmcqueen,2026-06-15T17:14:09Z,2026-07-17T20:15:45Z,closed,False,True,4
28789,skrollme,2026-06-15T19:43:32Z,2026-06-16T10:22:07Z,closed,False,False,3
28790,shearmds,2026-06-15T20:23:58Z,2026-07-15T11:02:31Z,closed,True,False,12
28793,eaescob,2026-06-16T00:53:34Z,2026-07-17T10:58:13Z,closed,True,False,8
28798,asifk987,2026-06-16T05:08:02Z,2026-07-18T20:33:26Z,closed,True,False,8
28799,MassimilianoPasquini97,2026-06-16T05:13:04Z,2026-07-29T12:16:23Z,closed,True,False,7
28801,filiphsps,2026-06-16T06:38:49Z,2026-06-16T06:39:00Z,closed,False,True,1
28802,filiphsps,2026-06-16T08:58:01Z,2026-07-31T07:17:06Z,closed,True,False,7
28804,skrollme,2026-06-16T10:22:12Z,2026-06-16T10:22:24Z,closed,False,True,1
28805,ahmyk9,2026-06-16T10:26:13Z,2026-07-11T14:16:03Z,closed,False,False,7
28807,brunocbreis,2026-06-16T12:05:33Z,2026-06-16T13:04:20Z,closed,False,False,4
28809,sfominx,2026-06-16T13:03:56Z,2026-07-19T08:51:52Z,closed,True,False,7
28811,nextster,2026-06-16T14:27:04Z,2026-06-28T21:45:42Z,closed,False,False,4
28812,skrollme,2026-06-16T14:36:05Z,2026-07-19T09:02:37Z,closed,True,False,9
28814,Shabablinchikow,2026-06-16T17:04:42Z,,open,False,True,5
28817,publi0,2026-06-16T18:36:02Z,,open,False,True,5
28818,djdiptayan1,2026-06-16T19:35:30Z,2026-07-20T03:26:43Z,closed,False,False,5
28820,mvrck-dev,2026-06-16T20:46:59Z,,open,False,True,4
28821,Carlos-err406,2026-06-16T21:12:13Z,2026-07-20T08:41:37Z,closed,False,False,6
28822,0xOsprey,2026-06-16T22:01:25Z,2026-07-20T15:46:39Z,closed,False,True,4
28824,AviralSaxena,2026-06-17T05:27:56Z,2026-06-17T05:49:16Z,closed,False,True,2
28825,pvnkmnk,2026-06-17T05:36:40Z,,open,False,False,6
28827,AviralSaxena,2026-06-17T06:11:27Z,2026-07-24T11:06:06Z,closed,True,False,6
28828,qlaffont,2026-06-17T08:02:17Z,2026-07-21T15:17:03Z,closed,True,False,8
28833,Oward-Studio,2026-06-17T11:31:45Z,2026-07-22T05:27:49Z,closed,True,False,7
28834,insulineru,2026-06-17T11:45:58Z,2026-07-22T06:04:21Z,closed,True,False,7
28835,houko,2026-06-17T13:03:10Z,2026-07-21T09:54:58Z,closed,True,False,6
28845,rxtsel,2026-06-17T16:35:25Z,2026-06-24T18:56:44Z,closed,False,False,3
28846,JustSteveKing,2026-06-17T17:55:58Z,2026-07-22T07:05:51Z,closed,True,False,7
28849,helloGithub326,2026-06-17T22:22:42Z,2026-06-22T18:33:38Z,closed,True,False,7
28850,helloGithub326,2026-06-17T22:31:13Z,2026-06-17T22:33:18Z,closed,False,True,1
28852,lauracarta,2026-06-18T03:22:40Z,2026-06-18T03:25:14Z,closed,False,True,1
28857,shauryajmathur,2026-06-18T14:33:11Z,2026-07-21T13:19:24Z,closed,False,True,4
28859,huseyinbabal,2026-06-18T15:22:35Z,2026-07-21T14:55:57Z,closed,False,True,4
28861,cbjok,2026-06-18T16:13:53Z,,open,False,True,4
28862,chkzz,2026-06-18T16:28:52Z,2026-07-22T09:49:39Z,closed,True,False,7
28864,lauracarta,2026-06-18T17:12:17Z,2026-07-21T16:35:36Z,closed,False,True,4
28866,carceneaux,2026-06-18T17:19:06Z,2026-07-28T21:03:59Z,closed,False,False,11
28873,Glct26,2026-06-18T22:28:52Z,2026-07-22T10:03:53Z,closed,True,False,7
28875,Temberlane,2026-06-18T23:58:00Z,2026-07-22T01:18:57Z,closed,False,False,5
28876,stefan-imbesi,2026-06-19T01:29:23Z,2026-07-21T10:23:01Z,closed,True,False,9
28877,blackwell-systems,2026-06-19T03:39:10Z,2026-06-21T05:25:18Z,closed,True,False,5
28879,nkapila6,2026-06-19T04:52:42Z,2026-07-22T14:22:26Z,closed,False,True,6
28880,Habibi-7,2026-06-19T05:06:10Z,2026-07-22T14:52:35Z,closed,False,True,4
28886,clins1994,2026-06-19T12:13:01Z,2026-06-22T07:18:46Z,closed,True,False,5
28899,Shpigford,2026-06-19T15:47:39Z,2026-07-15T15:47:33Z,closed,True,False,6
28901,Matias-Sandoval,2026-06-19T17:34:32Z,2026-06-19T17:56:52Z,closed,False,True,3
28902,matijrn,2026-06-19T18:05:13Z,,open,False,True,4
28903,yshalsager,2026-06-19T18:09:25Z,2026-07-22T13:57:45Z,closed,False,True,6
28904,moinulmoin,2026-06-19T18:17:48Z,2026-07-24T09:02:36Z,closed,True,False,6
28905,brendankilkenny,2026-06-19T21:42:14Z,,open,False,True,6
28906,IvanWng97,2026-06-19T22:12:08Z,2026-07-22T13:53:16Z,closed,True,False,6
28907,frogeth,2026-06-19T22:51:02Z,2026-07-24T09:28:00Z,closed,True,False,7
28908,NarawitC,2026-06-20T04:34:40Z,,open,False,True,4
28909,ParamoStudio,2026-06-20T04:49:25Z,2026-07-22T16:28:19Z,closed,True,False,7
28912,agusdellaquila,2026-06-20T08:49:59Z,2026-07-22T17:29:18Z,closed,True,False,6
28919,jiaozhu,2026-06-20T15:21:28Z,,open,False,True,4
28922,ksterx,2026-06-20T19:29:09Z,2026-06-29T10:59:10Z,closed,False,False,3
28926,yshalsager,2026-06-21T10:49:29Z,2026-07-27T06:42:11Z,closed,True,False,10
28927,omerssimsekk,2026-06-21T20:38:47Z,,open,False,True,4
28929,nabekhan,2026-06-21T22:25:11Z,,open,False,True,4
28932,SamuelPinho,2026-06-22T01:42:29Z,2026-07-23T06:45:52Z,closed,True,False,7
28937,jiahao-jayden,2026-06-22T09:30:06Z,,open,False,True,3
28941,ysrazsingh,2026-06-22T12:07:49Z,2026-06-29T18:25:07Z,closed,False,True,9
28942,kud,2026-06-22T14:12:17Z,2026-07-22T14:05:39Z,closed,True,False,7
28944,glebis,2026-06-22T14:52:41Z,2026-07-24T15:40:01Z,closed,False,True,4
28950,mdsherinoff,2026-06-22T22:59:20Z,2026-06-24T15:31:38Z,closed,True,False,6
28951,joe-r-l,2026-06-22T23:12:50Z,2026-07-23T07:14:30Z,closed,True,False,5
28952,ConfusedHello,2026-06-22T23:23:48Z,2026-07-25T06:37:43Z,closed,False,True,5
28953,ossa-ma,2026-06-22T23:37:38Z,2026-07-25T00:45:21Z,closed,False,True,4
28957,kud,2026-06-23T02:38:27Z,2026-06-23T11:38:44Z,closed,False,True,3
28962,0xfreddy,2026-06-23T07:45:43Z,2026-07-16T10:00:26Z,closed,True,False,6
28968,sharksharkco,2026-06-23T17:11:24Z,,open,False,False,3
28978,RobErskine,2026-06-24T04:27:27Z,2026-07-23T11:02:52Z,closed,True,False,7
28980,ericxxx530,2026-06-24T06:29:34Z,,open,False,True,3
28982,enurmela,2026-06-24T10:56:10Z,2026-07-23T10:56:48Z,closed,True,False,10
28987,signalband,2026-06-24T13:21:10Z,2026-07-23T17:03:10Z,closed,True,False,5
28989,mcdays94,2026-06-24T13:30:55Z,2026-07-27T15:36:13Z,closed,True,False,8
28992,zhouhuiquan,2026-06-24T15:25:54Z,,open,False,True,4
28994,yusifaliyevpro,2026-06-24T16:29:00Z,2026-06-30T11:29:41Z,closed,False,True,8
28995,faizhasim,2026-06-24T16:37:28Z,2026-07-27T10:48:03Z,closed,True,False,7
28996,kud,2026-06-24T17:15:06Z,2026-06-25T06:20:04Z,closed,True,False,5
28997,thejulez,2026-06-24T17:34:40Z,2026-07-24T12:13:08Z,closed,True,False,7
28998,rxtsel,2026-06-24T18:56:48Z,2026-07-26T06:51:27Z,closed,True,False,7
29002,Balajitechlabs,2026-06-24T19:50:02Z,2026-07-06T20:22:27Z,closed,False,True,2
29008,tofrankie,2026-06-25T00:11:34Z,2026-07-07T06:25:33Z,closed,False,True,4
29010,LegendarySpy,2026-06-25T03:23:44Z,2026-07-27T06:01:13Z,closed,True,False,7
29014,nightsu,2026-06-25T07:23:59Z,2026-07-27T07:07:50Z,closed,True,False,7
29021,TyceHerrman,2026-06-25T13:58:26Z,2026-07-21T11:57:57Z,closed,False,False,8
29022,DaviReisVieira,2026-06-25T15:24:02Z,2026-07-27T10:27:19Z,closed,True,False,8
29024,swalok47716,2026-06-25T16:13:58Z,,open,False,True,4
29027,yusoufu,2026-06-25T18:00:19Z,2026-07-28T15:09:03Z,closed,True,False,4
29034,zempty-zhaoxuan,2026-06-26T04:46:45Z,,open,False,True,3
29035,SuoweiHu,2026-06-26T06:04:29Z,2026-07-08T10:33:12Z,closed,True,False,7
29038,Fluxonide,2026-06-26T07:41:49Z,2026-07-28T09:07:02Z,closed,False,True,3
29044,avelino,2026-06-26T10:16:29Z,2026-07-28T10:50:20Z,closed,False,True,3
29046,georg-wolflein,2026-06-26T11:03:04Z,2026-07-28T11:35:50Z,closed,False,True,5
29047,brunojppb,2026-06-26T11:39:02Z,2026-07-28T14:11:47Z,closed,False,True,4
29052,RicardoChocanoDelCerro,2026-06-26T16:17:10Z,,open,False,True,3
29060,arsxd,2026-06-27T01:15:50Z,2026-06-27T01:20:59Z,closed,False,True,1
29063,mejistus,2026-06-27T07:15:03Z,,open,False,True,4
29066,fracazo,2026-06-27T10:13:35Z,,open,False,True,5
29070,arsxd,2026-06-27T13:47:44Z,2026-06-27T13:54:29Z,closed,False,True,1
29071,arsxd,2026-06-27T13:53:49Z,,open,False,True,7
29072,ensaktas1,2026-06-27T15:13:50Z,2026-07-30T12:47:47Z,closed,False,True,3
29074,NightGlowww,2026-06-27T15:26:27Z,2026-07-29T15:50:03Z,closed,False,True,3
29075,kshitijsubedi,2026-06-27T15:28:35Z,2026-06-28T17:16:52Z,closed,False,False,4
29076,gtarraga,2026-06-27T23:25:41Z,2026-06-27T23:28:05Z,closed,False,True,1
29077,abpai,2026-06-28T00:36:45Z,2026-06-28T02:51:48Z,closed,False,False,2
29079,abpai,2026-06-28T04:52:32Z,2026-06-28T22:10:22Z,closed,False,True,1
29081,t-matsue111,2026-06-28T07:54:27Z,,open,False,True,3
29086,kshitijsubedi,2026-06-28T17:20:18Z,2026-07-28T15:36:00Z,closed,True,False,6
29087,mikedloss,2026-06-28T19:53:08Z,2026-06-29T14:58:58Z,closed,False,True,3
29094,rxbit,2026-06-29T03:35:56Z,,open,False,True,3
29099,MagnasiePro,2026-06-29T09:24:44Z,2026-07-28T18:05:53Z,closed,True,False,5
29100,Aleqsha,2026-06-29T09:53:38Z,2026-07-30T07:54:53Z,closed,False,True,7
29101,Alexminator99,2026-06-29T10:25:28Z,2026-07-28T17:16:05Z,closed,True,False,5
29102,ksterx,2026-06-29T10:58:21Z,,open,False,True,4
29104,itstongy,2026-06-29T11:59:04Z,2026-07-03T01:11:12Z,closed,False,True,2
29111,drumst0ck,2026-06-29T16:25:38Z,2026-07-28T17:40:50Z,closed,True,False,5
29113,narner,2026-06-29T18:13:02Z,,open,False,True,2
29117,GregorGabric,2026-06-29T20:19:17Z,2026-07-31T20:28:39Z,closed,False,True,3
29118,rakibulism,2026-06-29T20:19:44Z,,open,False,False,4
29123,sezabut,2026-06-30T00:15:20Z,2026-07-28T17:52:58Z,closed,True,False,5
29126,zzaisang,2026-06-30T06:26:10Z,2026-07-02T05:02:40Z,closed,False,False,2
29128,BriskAM,2026-06-30T08:11:54Z,2026-07-28T18:00:30Z,closed,True,False,5
29132,moviezhou,2026-06-30T10:16:49Z,2026-07-01T02:26:48Z,closed,False,False,4
29133,mihaeltomic,2026-06-30T11:29:36Z,,open,False,True,4
29140,cn0ss,2026-06-30T16:35:58Z,2026-07-29T15:47:28Z,closed,True,False,7
29141,brxck,2026-06-30T17:21:30Z,2026-08-01T17:43:02Z,closed,False,True,3
29148,ielyas,2026-06-30T20:44:53Z,2026-07-01T17:12:29Z,closed,False,False,3
